{
	"credit": "Made with Blockbench",
	"texture_size": [64, 64],
	"textures": {
		"1": "./shield"
	},
	"elements": [
		{
			"name": "shield",
			"from": [7, 8, 8],
			"to": [9, 14, 14],
			"faces": {
				"north": {"uv": [8, 1.5, 8.5, 3], "texture": "#1"},
				"east": {"uv": [6.5, 1.5, 8, 3], "texture": "#1"},
				"south": {"uv": [10, 1.5, 10.5, 3], "texture": "#1"},
				"west": {"uv": [8.5, 1.5, 10, 3], "texture": "#1"},
				"up": {"uv": [8.5, 1.5, 8, 0], "texture": "#1"},
				"down": {"uv": [9, 0, 8.5, 1.5], "texture": "#1"}
			}
		},
		{
			"name": "shield",
			"from": [2, 0, 7],
			"to": [14, 22, 8],
			"faces": {
				"north": {"uv": [0.25, 0.25, 3.25, 5.75], "texture": "#1"},
				"east": {"uv": [0, 0.25, 0.25, 5.75], "texture": "#1"},
				"south": {"uv": [3.5, 0.25, 6.5, 5.75], "texture": "#1"},
				"west": {"uv": [3.25, 0.25, 3.5, 5.75], "texture": "#1"},
				"up": {"uv": [3.25, 0.25, 0.25, 0], "texture": "#1"},
				"down": {"uv": [6.25, 0, 3.25, 0.25], "texture": "#1"}
			}
		},
		{
			"from": [-10.4, 18.7, 0],
			"to": [1.6, 18.7, 7],
			"rotation": {"angle": -45, "axis": "z", "origin": [0, 0, 0]},
			"faces": {
				"north": {"uv": [0, 7.5, 3, 7.5], "texture": "#1"},
				"east": {"uv": [-1.75, 7.5, 0, 7.5], "texture": "#1"},
				"south": {"uv": [4.75, 7.5, 7.75, 7.5], "texture": "#1"},
				"west": {"uv": [3, 7.5, 4.75, 7.5], "texture": "#1"},
				"up": {"uv": [3, 7.5, 0, 5.75], "texture": "#1"},
				"down": {"uv": [6, 5.75, 3, 7.5], "texture": "#1"}
			}
		},
		{
			"from": [-3.4, 12.7, 0],
			"to": [-3.4, 24.7, 9],
			"rotation": {"angle": -45, "axis": "z", "origin": [0, 0, 0]},
			"faces": {
				"north": {"uv": [2.25, 7.5, 2.25, 10.5], "texture": "#1"},
				"east": {"uv": [0, 7.5, 2.25, 10.5], "texture": "#1"},
				"south": {"uv": [4.5, 7.5, 4.5, 10.5], "texture": "#1"},
				"west": {"uv": [2.25, 7.5, 4.5, 10.5], "texture": "#1"},
				"up": {"uv": [2.25, 7.5, 2.25, 5.25], "texture": "#1"},
				"down": {"uv": [2.25, 5.25, 2.25, 7.5], "texture": "#1"}
			}
		},
		{
			"from": [-6.6, 7.9, 2],
			"to": [3.4, 7.9, 9],
			"rotation": {"angle": -45, "axis": "z", "origin": [0, 0, 0]},
			"faces": {
				"north": {"uv": [6.5, 7, 9, 7], "texture": "#1"},
				"east": {"uv": [4.75, 7, 6.5, 7], "texture": "#1"},
				"south": {"uv": [10.75, 7, 13.25, 7], "texture": "#1"},
				"west": {"uv": [9, 7, 10.75, 7], "texture": "#1"},
				"up": {"uv": [9, 7, 6.5, 5.25], "texture": "#1"},
				"down": {"uv": [11.5, 5.25, 9, 7], "texture": "#1"}
			}
		},
		{
			"from": [-0.6, 2.9, 2],
			"to": [-0.6, 12.9, 7],
			"rotation": {"angle": -45, "axis": "z", "origin": [0, 0, 0]},
			"faces": {
				"north": {"uv": [8.25, 7, 8.25, 9.5], "texture": "#1"},
				"east": {"uv": [7, 7, 8.25, 9.5], "texture": "#1"},
				"south": {"uv": [9.5, 7, 9.5, 9.5], "texture": "#1"},
				"west": {"uv": [8.25, 7, 9.5, 9.5], "texture": "#1"},
				"up": {"uv": [8.25, 7, 8.25, 5.75], "texture": "#1"},
				"down": {"uv": [8.25, 5.75, 8.25, 7], "texture": "#1"}
			}
		},
		{
			"from": [4.4, 9.99, 4],
			"to": [8.4, 9.99, 7],
			"rotation": {"angle": -45, "axis": "z", "origin": [0, 0, 0]},
			"faces": {
				"north": {"uv": [0, 0, 1, 0], "texture": "#1"},
				"east": {"uv": [0, 0, 0.75, 0], "texture": "#1"},
				"south": {"uv": [0, 0, 1, 0], "texture": "#1"},
				"west": {"uv": [0, 0, 0.75, 0], "texture": "#1"},
				"up": {"uv": [4, 11.25, 5, 12], "texture": "#1"},
				"down": {"uv": [5, 11.25, 6, 12], "texture": "#1"}
			}
		},
		{
			"from": [6.4, 8, 4],
			"to": [6.4, 12, 7],
			"rotation": {"angle": -45, "axis": "z", "origin": [0, 0, 0]},
			"faces": {
				"north": {"uv": [0, 0, 1, 0], "rotation": 270, "texture": "#1"},
				"east": {"uv": [4, 10.5, 5, 11.25], "rotation": 90, "texture": "#1"},
				"south": {"uv": [0, 0, 1, 0], "rotation": 90, "texture": "#1"},
				"west": {"uv": [5, 10.5, 6, 11.25], "rotation": 90, "texture": "#1"},
				"up": {"uv": [6, 9.5, 6.75, 9.5], "rotation": 90, "texture": "#1"},
				"down": {"uv": [0, 0, 0.75, 0], "rotation": 90, "texture": "#1"}
			}
		}
	],
	"gui_light": "front",
	"display": {
		"thirdperson_righthand": {
			"rotation": [0, -90, 0],
			"translation": [3, -4.75, 4]
		},
		"thirdperson_lefthand": {
			"rotation": [0, -90, 0],
			"translation": [3, -4.75, 4]
		},
		"firstperson_righthand": {
			"rotation": [0, 0, -6],
			"translation": [0.75, -8, 0]
		},
		"firstperson_lefthand": {
			"rotation": [0, 0, -6],
			"translation": [0.75, -8, 0]
		},
		"ground": {
			"scale": [0.3, 0.3, 0.3]
		},
		"gui": {
			"rotation": [0, 158, 2],
			"translation": [0, -4, 0],
			"scale": [0.9, 0.9, 0.9]
		},
		"head": {
			"rotation": [90, 0, 0],
			"translation": [0, 6.5, -4]
		},
		"fixed": {
			"translation": [0, -2.5, -1],
			"scale": [0.5, 0.5, 0.5]
		}
	},
	"groups": [
		{
			"name": "shield",
			"origin": [0, 11, 1],
			"color": 0,
			"children": [
				0,
				1,
				{
					"name": "amethyst",
					"origin": [0, 0, 0],
					"rotation": [0, 0, -45],
					"color": 0,
					"children": [2, 3]
				},
				{
					"name": "amethyst2",
					"origin": [0, 0, 0],
					"rotation": [0, 0, -45],
					"color": 0,
					"children": [4, 5]
				},
				{
					"name": "amethyst3",
					"origin": [0, 0, 0],
					"rotation": [0, 0, -45],
					"color": 0,
					"children": [6, 7]
				}
			]
		}
	]
}